도시코드,도 시 명,공 항 명,국  가
AAN,AI AIN,알아인,아랍에미리트
ABA,ABAKAN,아바칸,러시아
ABL,ABALAN,아발란,러시아
ACD,ACANDI,아칸디,콜롬비아
ACY,ATLANTIC CITY,아틀란타,미국
ADD,ADDIS ABABA,아디스아바바,에티오피아
ADE,ADEN,아덴,예멘
ADK,ADAK,애디악,미국
ADL,ADELAIDE,아드레이드,오스트레일리아
ADQ,KODIAK ALS,코디악,미국
AKJ,ASAHIKAWA,아사이까와,일본
AKL,AUCKLAND,오클랜드,뉴질랜드
AKN,KING SALMAN,킹살몬,미국
AKX,AKTYUBINSK,악티유빈스크,카자흐스탄
ALA,ALMA ATA,알마아타,카자흐스탄
ALB,ALBANY,알바니,미국
ALG,ALGIERS,알지에,알제리
AMA,AMARILLO,애머릴로,미국
AMD,AHMEDABAD,아메다바드,인도
AMM,AMMAN,암만,요르단
AMS,AMSTERDAM,암스텔담,네덜란드
ANC,ANCHORAGE,앵커리지,미국
AND,ANDERSEN,안데르센,미국
ANK,ANKARA,앙카라,터키
AOJ,AOMORI,아오모리,일본
AQJ,AQABA,아카바,요르단
ARH,ARHANGELSK,아르항겔스크,러시아
ARN,STOCKHOLM ARLANDA,스톡홀름 알란다,스웨덴
ASB,ASHKHABAD,아쉬가바트,투르크메니스탄
ASC,DEADHORSE,데드호스,미국
ASP,ALICE SPRINGS,엘리스 스프링스,오스트레일리아
ATH,ATENES,아테네,그리스
ATL,ATLANTA,아틀란타,미국
AUH,ABU DHABI,아부다비,아랍에미리트
AUS,AUSTIN TEXAS,오스틴,미국
AVV,AVALON,아발론,러시아
AWA,AWASA,아와사,에티오피아
AXT,AKITA,아끼다,일본
AYT,ANTALYA,안탈야,터키
AZN,ANDIZAHAN,안디잔,우즈베키스탄
BAH,BAHRAIN,바레인,바레인
BAK,BAKU,바쿠,러시아
BAS,BUENOSAIRES,부에노스아이레스,브라질
BAX,BARNAUL,바르나욜,러시아
BBU,BUCHAREST,부카레스트,루마니아
BCH,BAUCAU,바카우,인도네시아
BCN,BARCELONA,바로셀로나,스페인
BDA,BERMUDA,버뮤다,영국
BDL,BRADLEY INTL AIRPORT,브라들리(윈저락),미국
BEG,BELGRADE,베오그라드,루마니아
BEN,BENGHAZI-BENINA,벤하지-베니아,리비아
BER,BERLIN,베르린,독일
BET,BETHEL,베델,미국
BEY,BEIRUT,베이루트,레바논
BFI,BOEING FIEL,보잉필드,미국
BFN,MOBIL,모빌,미국
BFS,BELFAST,벨패스트,영국
BGR,BANGOR,반고르,미국
BHK,BUKHARA,부하라,우즈베키스탄
BIE,BISHKEK,비슈케크,키르기스스탄
BIK,BIAK,비아크,인도네시아
BKA,MOSCOW-BYKOVO,모스코바 비코보,러시아
BKI,KOTA KINABALU,코타키나발루,말레이시아
BKK,BANGKOK,방콕,타이
BLL,BILLUND,빌란드,덴마크
BLR,BANGALORE,뱅갈로,인도네시아
BMA,STOCKHOLM,스톡홀름,스웨덴
BMK,BANGKOK,돈무앙,타이
BNA,NASHVILLE,나쉬빌,미국
BNE,BRISBANE,브리스번,오스트레일리아
BOM,MUMBAI,뭄바이,인도
BOS,BOSTON,보스톤,미국
BPN,BALIKPAPAN,발릭파판,인도네시아
BQH,BIGGIN HILL,비긴힐,영국
BQS,BLAGOVESCHENSK,블라고베첸스크,러시아
BRE,BREMEN,브레멘,독일
BRU,BRUSSELS,브뤼셀,벨기에
BSL,BASEL,바젤,스위스
BST,BOST,보스트,아프가니스탄
BTH,BATAM,바탐,인도네시아
BTK,BRATSK,브라츠크,러시아
BTU,BINTULU,빈투루,말레이시아
BUD,BUCHAREST,부다페스트,루마니아
BUH,BUCHUREST,부쿠레스트,루마니아
BUR,BURBANK,버뱅크,미국
BWI,BALTIMORE,볼티모어,미국
BWN,BANDAR SERI BEGAWAN,반다르세리베가완,브루나이
BWT,BURNIE,브루나이,브루나이
CAI,CAIRO,카이로,이집트
CAN,GUANGZHOU BAIYUN,광저우,중화인민공화국
CBG,CAMBRIDGE,켐브리지,미국
CCK,CAMCHASKI,캄차스키,러시아
CCU,CALCUTTA,캘커타,인도
CDB,COLD BAY,콜드베이,미국
CDG,CHARLES DE GAULLE,파리,프랑스
CEB,CEBU,세부,필리핀
CEI,CHIANGMAI,치앙마이,타이
CEK,CHELYABINSK,쉘야빈스크,러시아
CGK,JAKARTA,자카르타,인도네시아
CGN,COLOGNE/BONN,퀼른,독일
CGO,ZHENGZHOU,정주,중화인민공화국
CGP,CHITTAGONG,치타공,방글라데시
CGQ,CHANGCHUN,장춘,중화인민공화국
CHC,CHRISTCHURCH,크리스트처칠,뉴질랜드
CHI,CHICAGO,시카고,미국
CHR,CHATEAUROUX,샤토루,프랑스
CHS,CHARLESTON MUNICIPAL,찰스턴 뮤니시플,미국
CIA,ROME,로마,이탈리아
CIT,CHIMKENT,침켄트,카자흐스탄
CJJ,CHEONGJU,청주,대한민국
CJU,JEJU,제주,대한민국
CKG,CHONGQING,총킹(중경),중화인민공화국
CKL,CHEKALOVSKY,체칼로브스키,러시아
CKT,CHIMKENT,침켄트,러시아
CLT,CHARLOTTE,샤롯테,미국
CMB,COLOMBO,콜롬보,스리랑카
CMF,CHAMBERY,쳄버리,프랑스
CMH,COLUMBUS,콜롬부스,미국
CNS,CAIRNS,캐언스,오스트레일리아
CNX,CHIANG MAI,치앙마이,타이
CPH,COPENHAGEN,코펜하겐,덴마크
CPM,COMPTON,콤프톤,미국
CPT,CAPETOWN,케이프타운,남아프리카 공화국
CRK,CLARKFIELD,클라크 필드,필리핀
CRZ,CHARDZHEV,차조우,투르크메니스탄
CSX,CHANGSHA,창사,중화인민공화국
CTI,CUITO-CUANAVALA,쿠이토쿠아나발레,앙골라
CTS,SAPPORO,삿보로(치토세),일본
CTU,CHENGDU,청두,중화인민공화국
CVG,CINCINNATI,신시내티,미국
CYI,CHIAYI,치아이,타이
CZX,CHANGZHOU,창저우,중화인민공화국
DAC,DHAKA,다카,방글라데시
DAD,DANANG,다낭,베트남
DAL,DALLAS,달라스,미국
DAR,DAR ES SALAAM,다르에스 살람,탄자니아
DAY,DAYTON,데이톤,미국
DBV,DUBROVNIK,두브로브니크,크로아티아
DCA,WASHINGTON NATL,와싱턴 국립,미국
DDG,Dandong,단동,중화인민공화국
DDJ,MYJ,마즈야마,일본
DEL,DELHI,델리,인도
DEN,DENVER,덴버,미국
DET,DETROIT,디트로이트,미국
DFW,DALLAS/FORT WORTH,달라스,미국
DGO,DURANGO,도루카,멕시코
DHA,DHAHRAN,다란,사우디아라비아
DJE,DJERBA,제르바,튀니지
DKR,DAKAR,다카르,세네갈
DLC,DALIAN,대련,중화인민공화국
DLH,DULUTH INTL,덜루스,미국
DMB,ZHAMBYL,잠불,러시아
DME,DOMODEDOVO,도모데도보,러시아
DMK,DON MUANG,돈무앙,타이
DMM,DAMMAM,담맘,사우디아라비아
DNA,ODINAWA,오디나와,일본
DOH,DOHA,도하,카타르
DOV,Dover-Cheswold AFB,도버체스올드,미국
DPS,DENPASAR,덴파사,인도네시아
DRS,DRESDEN,드레스덴,독일
DRW,DARWIN,다윈,오스트레일리아
DSM,DES MOINES,디모인,미국
DTT,DETROIT,디트로잇,미국
DTW,DETROIT METROPOLITAN,디트로이트,미국
DUB,DUBLIN,더블린,아일랜드
DVO,DAVAO,다바오,필리핀
DWF,DAYTON WRIGHR,데이톤,미국
DWN,DWN,브루나이,브루나이
DXB,DUBAI,두바이,아랍에미리트
DYG,DAYONG,장가계(대용),중화인민공화국
YMX,MONTREAL MIRABEL,몬트리얼,캐나다
YNJ,YANJI,연길,중화인민공화국
YNT,YANTAI,연대,중화인민공화국
YNY,YANGYANG,양양,대한민국
YNZ,YANCHEN,염성,중화인민공화국
YOK,YOKOHAMA,요코하마,일본
YQG,WINDSOR LOCKS,윈저락,캐나다
YQX,ST. THOMAS,세인트토마스,캐나다
YTO,TORONTO,토론토,캐나다
YUL,MONTREAL,몬트리올,캐나다
YVR,VANCOUVER,뱅쿠버,캐나다
YWG,WINNIPEG,위니펙,캐나다
YXX,EVOTHSFORD,애보츠포드,캐나다
YXY,WHITEHORSE,화이트호스,캐나다
YYC,CALGARY,캘거리,캐나다
YYZ,TORONTO,토론토,캐나다
YZD,DOWNSVIEW,다운스비위,캐나다
YZF,YELLOWKNIFE,옐로우나이프,캐나다
ZRH,ZURICH,취리히,스위스
SSC,SHAW AFB,쇼우공군비행장,미국
HMA,KHANTY-MANSIYSK,칸티-만시스크,러시아
RJO,IWAKUNI,이와쿠니,일본
PVU,PROVO MUNICIPAL,유니시펄공항,미국
CLD,CARLSBAD,칼스바드,미국
IUD,AL UDEID,알우데이드,카타르
LIN,MILANO,밀라노,이탈리아
GUW,ATYRAU,아테라우,카자흐스탄
FEZ,FEZ SAISS,페스사이스,모로코
CHO,CHOFU,초후,일본
CCS,CARACAS,카라카스,베네수엘라
MHV,MOJAVE,모하비,미국
ASR,KAYSERI,케이세리,터키
IKA,TEHRAN,테헤란,이란
UJN,ULJIN,울진,대한민국
TSJ,TSUSHIMA,쓰시마,일본
UUB,RAMENSKOYE,라멘스쿠예,러시아
KBP,BORYSPIL,보리스필,우크라이나
UUR,TAGANROG,타간로크,러시아
ABZ,ABERDEEN,에버딘,영국
CRQ,CARLSBAD,칼스바드,미국
AGR,AGRA,아그라,인도
NVI,NAVOI,나보이,우즈베키스탄
OAA,BAGRAM,바그람,아프가니스탄
MYZ,MACHYAMA,마츠야마,일본
AER,ADLER SOCHI,소치,러시아
YQB,QUEBEC,퀴백,캐나다
VCP,VIRACOPOS,브라코프스,브라질
BTS,BRATISLAVA,브라티슬로바,슬로바키아
UKB,KOBE,고베,일본
LIM,LIMA,리마,페루
RGT,MAMTU,남투,미얀마
PTK,PONTIAC,폰티악,미국
PTN,PINGDONG,핑퉁,대만
PTY,TOCUMEN INTERNATIONAL,토쿠멘,파나마
PUS,BUSAN(GIMHAE),김해,대한민국
PUY,PULA,풀라,크로아티아
PVG,PUDONG,푸동,중화인민공화국
PWK,CHICAGO,시카코,미국
PWQ,PAVLODAR,파블로다,카자흐스탄
QOM,OMIYA,오미야,일본
QPG,PAYALEBAR,파야레버,싱가포르
RAM,RAMINGNING,라밍닝,오스트레일리아
REK,REYKJAVIK APT ICELAN,레이퀘빅,영국
REP,SIEM REAP,씨엠립,캄보디아
RGN,YANGON,랑군,미얀마
RIO,RIO DE JANERIO,리오데자네이로,브라질
RIV,MARCH,캘리포니아,미국
RIX,RIGA,리가,라트비아
RMQ,TAICHUNG,따이쭝,대만
RMS,RAMSTEIN,램스타인,독일
RNO,RENO,리노,미국
ROG,ROGERS,로저스,미국
ROK,ROCKHAMPTON,록햄튼,오스트레일리아
ROM,ROME,로마,이탈리아
ROR,COROR,코로르,미국
ROV,ROSTOV,로스토프,러시아
ROW,ROSWELL,로스웰,미국
RSU,YOSU,여수,대한민국
RUH,RIYADH,리야드,사우디아라비아
RUN,RUSAKA,루사카,루안다
SAK,SAKHALINSK,사카린스크,러시아
SAN,SAN DIEGO,샌디아고,미국
SAT,SANANTINO,산안티노,미국
SAW,SABIHA GOKCEN,사비하,터키
SBA,SANTA BARBARA,산타바바라,미국
SCL,SANTIAGO,산티아고,칠레
SCW,SYKTYVKAR,식팁카르,러시아
SDA,BAGHDAD SADDAM,바그다드,이라크
SDJ,SENDAI,센다이,일본
SDN,SANDANE,샌다인,노르웨이
SEA,SEATTLE,시애틀,미국
SEL,SEOUL,서울,대한민국
SFO,SAN FRANCISCO,샌프란시스코,미국
SFS,SUBIC,슈빅,필리핀
SGF,SPRINGFIELD,스프링필드,미국
SGN,HOCHIMIN,호치민,베트남
SHA,HONGQIAO,홍차오,중화인민공화국
SHB,NAKASHIBETSU,나카시베츠,일본
SHD,STAUNTON,스타운톤,미국
SHE,SHENYANG,심양,중화인민공화국
SHJ,SHARJAH,샤자르,아랍에미리트
SHM,SHIRAHAMA,시라하마,일본
SHO,SHOKCHO,속초,대한민국
SIA,XI AN XIGUAN,시안,중화인민공화국
SIN,SINGAPORE,싱가폴,싱가포르
SJC,SAN JOSE CAL,산호세,미국
SJW,SHIJIAZHUANG,쉬지아쭈앙(석가장),중화인민공화국
SKA,SPOKANE,스포캐인,미국
SKD,SAMARKAND,사마르칸드,우즈베키스탄
SLC,SALT LAKE CITY,솔트레이크시티,미국
SMF,SACRAMENTO,사크라멘토,미국
SMX,SANTA MARIA,산타마리아,미국
SNK,SUNDUK,선덕,북한
SNN,SHANNON,샤논,아일랜드
SNP,ST PAUL ISLAND,세인트폴아이랜드,미국
SOF,SOPIA,소피아,불가리아
SOU,SOUTHAMPTON,사우샘프턴,영국
SPK,SAPPORO,삿보로,일본
SPL,SKIPOLE,스키폴,네덜란드
SPN,SAIPAN,사이판,미국
SPS,WICHITA,위치타,미국
SSN,SUNGNAM,성남(서울공항),대한민국
STL,ST LOUIS,세인트루이스,미국
STN,STENSTED,스텐스테드,영국
STO,STOCKHOLM,스톡홀룸,스웨덴
STP,ST PAUL MINN,세인트폴,미국
STR,SHUTTGARETTE,슈투트가르트,독일
SUB,SURABAYA,수라바야,인도네시아
SUU,TRAVIS,트라비스,미국
SUW,SUWAEN,수원,대한민국
SVO,SHEREMETYEVO,모스코바,러시아
SVX,EKATERINBURG,에카테린버그,러시아
SWA,SHANTOU,산토우,중화인민공화국
SWF,NEWBURGH,뉴버그,미국
SWU,SUWON,수원,대한민국
SYA,SHEMA,쉠마,미국
SYD,SYDNEY,시드니,오스트레일리아
SYO,SHONAI,쇼나이,일본
SYX,SANYA,산야,중화인민공화국
SZB,SULTAN ABDUL AZIZ,술탄압둘아지즈,말레이시아
SZG,SAZBURG,찰스부르크,오스트리아
SZX,SHENZHEN,센젠,중화인민공화국
TAE,DAEGU,대구,대한민국
TAK,TAKAMATSU,다가마스,일본
TAN,TAEAN,태안,대한민국
TAO,QINGDAO,청도,중화인민공화국
TAS,TASHKENT,타쉬켄트,우즈베키스탄
TCM,McCHORD,맥코드공군기지,미국
TEB,TETERBORO,티터보로,미국
THR,TEHRAN,테헤란,이란
TIJ,TIJUANA,티주아나,멕시코
TIN,TAINAN,타이난,대만
TIP,TRIPOLI,트리폴리,리비아
TJH,TOYOKA,토요오카,일본
TJM,TIUMEN,티우멘,중화인민공화국
TKK,TRUK,트럭,미국
TKS,TOKUSHIMA,도쿠시마,일본
TLC,TOLUCA,톨루카,멕시코
TLL,TALLINN,탈린,에스토니아
TLS,TOULOUSE,툴루즈,프랑스
TLV,TEL AVIV BLAGNAC,텔아비브,이스라엘
TNA,JINAN,지난,중화인민공화국
TNN,TAINAN,타이난,대만
TOF,TOMSK,톰스크,러시아
TOJ,MADRID,마드리드,스페인
TOL,TOLEDO,톨레도,미국
TOY,TOYAMA,도야마,일본
TPE,TAIPEI,대북,대만
TRG,TAURANGA,타우란자,뉴질랜드
TSE,ASTANA,아스타나,카자흐스탄
TSN,TIAN JIN,천진,중화인민공화국
TTJ,TOTTORI,토토리,일본
TTT,TAITUNG,타이둥,대만
TUL,TULSA,털사,미국
TUN,TUNIS,튀니즈,튀니지
TUS,TUCSON,툭슨,미국
TXG,TAICHUNG,타이쭝,대만
TXL,TEGEL(BERLIN),테겔(베를린),독일
TXN,TUNXI,퉁치,중화인민공화국
TYN,TAIYUAN,타이유안,중화인민공화국
TYO,TOKYO,동경,일본
UAB,INCIRLIK,인커릭,터키
UAM,ANDERSON,앤더슨공군기지,미국
UBJ,UBE,우베,일본
UFA,UFA,우파,러시아
UKC,MAGADAN,페트로로파블로브스크,러시아
ULN,ULAAN BAATAR,울란바토르,몽고
ULY,ULYANDVSK,울야노브스크,러시아
UMO,OSTAFYEVO,오스타예보,러시아
UMW,KAUNAS,카우나스,러시아
URC,URUMQI,우르무치,중화인민공화국
URT,SURAT TANN,수라트타니,타이
USN,ULSAN,울산,대한민국
USQ,USAK,우샤크,터키
UTP,UTAPAO,우타파오,타이
UUD,URANUTAE,울란우태,러시아
UUS,YUZHNO SAKHALINSK,사할린,러시아
VBS,BRESCIA,브레시아,이탈리아
VCE,VENICE,베니스,이탈리아
VCV,VICTORVILLE,빅터빌,미국
VCX,BRESCIA,브레시아,이탈리아
VIE,AUSTRIA VIENNA,비엔나,오스트리아
VIT,VICTORIA,빅토리아,스페인
VKO,MOSCOW(VNUKOVO),모스코바(보누코보),러시아
VLC,VALENCIA,발렌시아,스페인
VNY,VANNUYS,밴나이즈,미국
VPC,CATERSBILL,카터스빌,미국
VTE,VIENTIANE,빈탄,라오스
VVO,VLADIVOSTOK,블라디보스톡,러시아
WAS,WASHINGTON,워싱턴,미국
WAW,WARSAW,바르샤바,폴란드
WEH,WEIHAI,웨이하이,중화인민공화국
WJU,WONJU,원주,대한민국
WKE,WEIKE,웨이크,미국
WKJ,WAKANAYI,와카나이,일본
WRO,WROCLAW,브로츠와프,폴란드
WUH,WUHAN,유한,중화인민공화국
XCR,CHALONS,샤론스,프랑스
XFW,FINKENWEDER,함부르크,독일
XIY,XIANYANG,서안,중화인민공화국
XMN,XIAMEN,샤먼,중화인민공화국
XNA,FAYETTEVILLE,페이트빌,미국
XSP,SELETAR,셀레타,싱가포르
YCN,COCHRANE,코흐레인,캐나다
YEC,YEICHON,예천,대한민국
YEG,EDMONTON,에드먼튼,캐나다
YGJ,YONAGO,요나고,일본
YHZ,HALIFAX,헬리팍스,캐나다
YIP,DETROIT WILLOW RUN,윌로우런,미국
YKS,YAKUTSK,야쿠츠크,러시아
LGA,NEW YORK LA GUARDIA,뉴욕 라과디아,미국
LGB,LONG BEACH,롱비치,미국
LGG,LIEGE-BIERSET,리에쥬 비어셋,벨기에
LGK,LANGKAWL,랑카위,말레이시아
LGW,LONDON GATWICK,런던개트윅,영국
LHE,LAHORE,라호르,파키스탄
LHR,LONDON HEATHROW,런던히드로,영국
LIH,LIHUE,리후에,미국
LIS,LISBON,리스본,포르투갈
LIT,LITTLAC,리틀락,미국
LKO,LUCKNOW,루크노,인도
LLA,LULEA,룰레오,스웨덴
LLU,LAPULAPU,나푸나푸,필리핀
LON,LONDON,런던,영국
LOS,LAGOS,라고스,나이지리아
LTN,LUTON,런던 루턴,영국
LTS,ALTUS,오클라호마,미국
LUG,LUGANO,루가노,스위스
LUK,CINCINNATI,신시내티,미국
LUT,LUTON,루톤,미국
LUX,LUXEMBOURG,룩셈부르크,룩셈부르크
LYG,LAYONG,라용,중화인민공화국
MAA,MADRAS,마드라스,인도
MAD,MADRID BARAJAS,마드리드,스페인
MAJ,MAJURO,마주로,마셜제도
MAN,MANCHESTER,맨체스터,영국
MBB,MEBANBECE,메반베스,오스트레일리아
MBC,MANADO,마나도,인도네시아
MBE,MATHMOTO,마쯔모도,일본
MCI,KANSAS,켄사스,미국
MCO,ORLANDO,울란도,미국
MCT,MUSCAT,무스카트,오만
MCX,MAKHACHKALA,마하츠칼라,러시아
MDC,MANADO,마나도,인도네시아
MDG,MUDAN JIANG,무단지앙,중화인민공화국
MDT,MASBATE,메스베이트,필리핀
MDW,SHICAGO MIDWAY,미드웨이,미국
MDY,MIDWAY,미드웨이나프,미국
MEB,MELBOURNE ESSENDON,멜보른,오스트레일리아
MEL,MELBOURNE,멜보른,오스트레일리아
MEM,MEMPHIS,멤피스,미국
MES,MEDAN POLONIA,폴로니아,인도네시아
MEX,MEXICO,멕시코,멕시코
MFM,MACAU,마카오,마카오
MGF,MARINGA-IN-PARANA,마링가,브라질
MGM,MONTGOMERY DANNELLY,몽고메리다넬리,미국
MGQ,MOGADISHU,모가디슈,소말리아
MHD,MASHAD,마슈하드,이란
MHR,SACRAMENTO,사크라멘토,미국
MIA,MIAMI,마이애미,미국
MIC,MICRONESIA,마이크로네시아,미국
MIL,MILANO,밀라노,이탈리아
MKC,KANSAS CITY,캔사스시티,미국
MKE,MILWACKEE,밀워키,미국
MLA,MALTA,몰타,몰타공화국
MLE,MALE,말레,몰디브공화국
MMA,MALMO,말모,스웨덴
MMB,MEMAMBETSU,메만베츠,일본
MMJ,MATSUMOTO,마쓰모또,일본
MMK,MURMANSK,물만스크,러시아
MMU,MORRISTOWN MUNICPAN,모리스타운,미국
MMX,MALMO,말모,스웨덴
MNL,MANILA,마닐라,필리핀
MNS,MANAS,마나스,러시아
MOK,MOKPO,목포,대한민국
MOW,MOSCOW,모스코바,러시아
MPK,MOKPO,목포,대한민국
MQF,Maqnitoqorsk,마크니토코르스크,러시아
MRG,Mareeba,마리바,오스트레일리아
MRS,MARSEILLE PROVENCE,마르세이유-프로방스,프랑스
MRY,MONTEREY,몬테레이,미국
MSJ,MISAWA,미자와,일본
MSP,MINNEAPOLIS/ST.PAUL,미네아폴리스,미국
MSQ,MINSK,민스크,러시아
MSY,NEW ORLEANS,뉴올리안스,미국
MTJ,MONTROSE,몬트로즈,미국
MUC,MUNCHEN,뮌헨,독일
MWX,MUAN,무안,대한민국
MXP,MILAN MALPENSA,밀라노,이탈리아
MYJ,MATSUYAMA,마즈야마,일본
MYP,MARY,마리,투르크메니스탄
MYY,MIRI,미리,말레이시아
MZG,MAKUNG,마쿵,대만
MZJ,MARANA,마라나,미국
NAK,NAKHON RATCHASIMA,나콘라차시마,타이
NAL,NALCHIK,날칙,러시아
NAN,NADI,나디,피지
NBK,SUVARNABHUMI,수완나품,타이
NBO,NAIROBI,나이로비,케냐
NCE,NICE,니스,프랑스
NGB,NINGBD,닝보,중화인민공화국
NGF,KANEOHE BAY MCAF,카네오네,미국
NGO,NAGOYA,나고야,일본
NGS,NAGASAKI,나가사키,일본
NGU,NORFOLK,놀포크,미국
NHD,MINHAD AB Military,민하드(두바이),아랍에미리트
NJA,ATSUKI,아수끼,일본
NJC,Nizhnevartovsk Airport,니쯔네바토브스크,러시아
NKG,NANJING,난징,중화인민공화국
NKM,NAGOYA/KOMAKI,나고야/고마키,일본
NKW,DIEGO GARSIA,디에고 가르시아,미국
NMA,NAMANGAN,나망간,우즈베키스탄
NMG,NAMANGAN,나망간,우즈베키스탄
NNG,NANRING,난링,중화인민공화국
NOM,NOME,노옴,미국
NOP,MCTAN,맥탄,필리핀
NOU,NOUMEA,누메아,뉴칼레도니아
NOZ,NOVOKUZNETSK,노보쿠즈네츠크,러시아
NRD,TOKYO,나리타,일본
NRT,TOKYO NARITA,동경,일본
NTQ,NODO,노도,일본
NUE,NUREMBERG,뉘른베르크,독일
NUW,WHIDBEY,휘드데이,미국
NVY,NEYVELI INDIA,뉴텔리,인도
NYC,NEWYORK,뉴욕,미국
NYL,YUMA MCAS,유마해병항공기,미국
NYO,SKAYSTA,스카브스타,스웨덴
NYU,MYANMAR BAGAN,바겐,미얀마
OAK,OAKLAND,오크랜드(미),미국
OBO,OBIHIRO,오비히로,일본
OCK,OKLAHOMA,오크라호마,미국
ODM,ODM,오클랜드,뉴질랜드
OGG,KAHULUI,카울우이,미국
OHY,HADYBAD,하다아바드,인도
OIT,OITA,오이다,일본
OKA,OKINAWA,오끼나와,일본
OKD,SAPPORO-OKADAMA,삿보로,일본
OKI,OKI ISLAND,오키,일본
OKJ,OKAYAMA,오까야마,일본
OKO,YOKODA,요꼬다,일본
OMA,OHMA,오마하,미국
OME,NOME,놈,미국
OMS,OMSK,옴스크,러시아
ONJ,OTATE,오다테,일본
ONT,ONTARIO,온타리오,미국
ORD,CHICAGO O'HARE,시카고,미국
ORL,ORLANDO,올랜도,미국
ORY,ORLY,오를리,프랑스
OSA,OSAKA,오사카,일본
OSC,OSCODA,오스코다,미국
OSK,OSKARSHAMN,오스카,스웨덴
OSL,OSLO,오슬로,노르웨이
OSN,OSAN,오산,대한민국
OSS,OSH,오쉬,러시아
OTP,BUCURESTI,부쿠레슈티,루마니아
OVB,NOVOSIBIRSK,노보시비르스크,러시아
OZI,OZAR,오자르,인도
PAE,EVERETT,에버레트,미국
PAR,PARIS,파리,프랑스
PBH,PARO,파로,부탄
PBI,WESTPLMBEACH,웨스트팜비치,미국
PDX,PORTLAND,포틀랜드,미국
PEC,PELICAN,펠리칸,미국
PEE,PERM,페름,러시아
PEK,BEIGING,북경,중화인민공화국
PEN,PENANG,페낭,말레이시아
PES,PETROSABOSK,페트로자보스크,러시아
PHC,PORT HARCOURT,포트하커트,나이지리아
PHI,SICAM,시캠,브라질
PHL,PHILADELPHIA,필라델피아,미국
PHX,PHOENIX,피닉스,미국
PIE,ST PETERSBURG,세인트 피터즈버그,미국
PIK,PRESTWICK,프레스트윅,영국
PKC,PETROPAVLOVSK,페트로파블로브스키,러시아
PKO,KONA,코나,미국
PMI,PALMA DE MALLORCA,팔마 라스팔마스,스페인
PNE,PHILADELPHIA,필라델피아,도미니카
PNH,PHNOM PENH,프롬펜,캄보디아
PNI,POHNPEI,폼페이,미크로네시아
POM,PORTMORESBY,포트모레스비,파푸아뉴기니
PPS,PUERTO PRINCESA,프에프토프린세사,필리핀
PPT,TAHITI,타히티,프랑스
PRG,PRAGUE,파라구에,체코
PSA,PISA,갈릴레오갈릴레이,이탈리아
PSP,PAM SPRINGS,팜스프링스,미국
DYR,ANADYR,아나드르,러시아
DYU,DUSHAMBE,듀산베,러시아
EDF,ELMENDORF,엘멘도르프,미국
EDI,EDINBURGH,에덴버그,영국
EIL,ELSIN,엘슨,미국
EIN,EINDHOVEN,에인트호벤,네덜란드
EMA,NOTTINGHAM EAST MID,노팅햄이스트미들랜드,영국
ESB,ANKARA ESENBOGA,앙카라,터키
EVN,EREVAN,예레반,러시아
EWR,NEWYORK NEWARK,뉴왁,미국
FAB,FARNBOROUGH,판보로,영국
FAI,FAIRBANKS,페어뱅크스,미국
FCN,NORDHOLZ,노트홀즈,독일
FCO,ROME LEONARDO DA VIN,로마,이탈리아
FEG,FERGANA,페르가나,러시아
FJR,FUJAIRAH,푸자이라,아랍에미리트
FKB,KALSLUHE,칼스루헤,독일
FKJ,FUKUI,후꾸이,일본
FKS,FUKUSHIMA,후쿠시마,일본
FLL,FT. LAUDERDALE,포트로더데일,미국
FNI,NIMES,니메스,프랑스
FNJ,PYUNGYANG,평양,북한
FOC,FUZHOU,푸조우,중화인민공화국
FRA,FRANKFURT,프랑크푸르트,독일
FRG,FARMINGDALE,파밍데일,미국
FRU,FRUNZE,마나스,러시아
FTM,FUTEMA,후테마,일본
FUK,FUKUOKA,후쿠오카,일본
GAJ,YAMAGATA,야마가타,일본
GDN,GBANSK POIANB,그다니스크,헝가리
GDX,MAGADAN,마가단,러시아
GIG,RIO DE JANEIRO,리오데자네이로,브라질
GML,HOSTOMEL,호스토멜,우크라이나
GMP,SEOUL(GIMPO),김포,대한민국
GNB,GRENOBLE,그렌노블,프랑스
GOT,GOTEBORG,고테버그,스웨덴
GRR,GRAND RAPIDS,그랜드래피즈,미국
GRU,SAO PAULO,상파울로,브라질
GTF,GREATPOLS,그레이트폴스,미국
GUA,GUATEMALA CITY,과테말라시,콰테말라
GUM,GUAM AGANA FIELD,괌,미국
GVA,GENEVA,제네바,스위스
GYD,AZERBAIJAN,아제르바이잔,아제르바이잔
GZR,KURMITOLA,쿠르미토라,방글라데시
HAJ,HANOVER,하노버,독일
HAK,HAIKOU,하이커우,중화인민공화국
HAM,HAMBURG,함브르크,독일
HAN,HANOI,하노이,베트남
HEL,HELSINKI,헬싱키,핀란드
HET,HOHHOT,후허하오터,중화인민공화국
HFE,HEPEI,허폐,중화인민공화국
HGH,HANGZHOU,항조우,중화인민공화국
HGR,HAGERSTOWN,해거스타운,미국
HHA,HUANGHUA,후앙후아,중화인민공화국
HHH,HILTON HEAD ISLAND,힐튼 헤드 아일랜드,미국
HHN,HAHN,한,독일
HIJ,HIROSHIMA,히로시마,일본
HIK,HAIKAM,히캄,미국
HIN,CHINJU,진주,대한민국
HIO,PORTLAND HILLSBORO,힐스보로,미국
HKD,HAKODATE,하꼬다데,일본
HKG,HONG KONG,홍콩,홍콩
HKJ,ASAHIGA,아사히까와,일본
HKT,PHUKET,푸켓,타이
HLP,JAKARRA HALIM,"할림,자카르타",인도네시아
HMN,ALAMOGORDO,앨러머고도,미국
HNA,MORIOKA,모리오카,일본
HND,TOKYO HANEDA,하네다,일본
HNL,HONOLULU,호놀루루,미국
HON,HORON,호른,미국
HOU,HOUSTON,휴스톤,미국
HPN,WESTCHESTER COUNTY,웨스트체서,미국
HRB,HARBIN,하얼빈,중화인민공화국
HSG,SAGA,사가,일본
HSV,HUNTSVILLE,헌츠빌,미국
HTA,CHITA,치타,러시아
HUI,HUI HUE,휴이휴,베트남
HUN,HUALIEN,화리엔,대만
HYD,HYDERABAD,하이데라바드,인도
IAB,MCCONNELL,미국,미국
IAD,D.C DULLES,워싱턴 둘리스,미국
IAH,HOUSTON,휴스턴,미국
IAI,KONA,코나,미국
ICN,INCHEON,인천,대한민국
ICT,WICHITA,위치콘,미국
IEV,KIEV,키에프,러시아
IFN,ISFAHAN,이스파한,이란
IGU,IGUASSU FALLS,이과수,브라질
IKN,IWAKUNI,이와쿠니,일본
IKT,IKT IRKUTSK,일크트스크,러시아
ILM,WILMINGTON,윌밍턴,미국
ILN,Wilmington,윌밍턴,미국
IND,INDIANAPOLIS,인디아나폴리스,미국
IQN,QINGYANG,퀸강장,중화인민공화국
ISB,ISLAMABAD,이슬라마바드,파키스탄
IST,ISTANBUL,이스탄불,터키
ITM,ITAMI(NARITA),이따미,일본
IWJ,IWAMI,이와미,일본
IZO,IZUMO,이즈모,일본
JAI,JAIPUR,자이푸르,인도
JAX,JACKSONVILLE,잭슨빌,미국
JDG,JEDONG,제동,대한민국
JED,JEDDAH,제다,사우디아라비아
JFK,JOHN F.KENNEDY,뉴욕,미국
JHB,JOHOR BAHRU,조호바루,말레이시아
JIB,JIBUTY,지부티,지부티
JKT,JAKARTA,자카르타,인도네시아
JMK,MIKONOS,미코노스,그리스
KAD,KADUNA,카두나,나이지리아
KAE,KANGWEON,강원,대한민국
KAG,KANG REUNG,강릉,대한민국
KBL,KABUL K. RAWWASH,카불 로워시,아프가니스탄
KBV,KRABI,끄라비,타이
KCH,KUCHING,쿠칭,말레이시아
KCZ,KOCHI,고찌,일본
KEF,ROYKJAVIK KEFLAVIK,케프라비크,아이슬란드
KEJ,KEMEROVO,케메로보,러시아
KGF,KARAGANDA,카라간다,카자흐스탄
KHH,KAOHSIUNG,카오슝,대만
KHI,KARACHI,카라치,파키스탄
KHN,NANCHANG,난창,중화인민공화국
KHV,HABAROBSK,하바로보스크,러시아
KIJ,NIIGATA,니이가타,일본
KIV,KISHINEV,키쉬네프,러시아
KIX,OSAKA KANSAI,오사카,일본
KJA,KRASNOJARSK,크라스노얄스크,러시아
KJG,KOCHANG,고창,대한민국
KKI,ST THOMAS ISLAND,SPB,미국
KKJ,KITA KYUSHU,키타큐슈,일본
KLD,MIGALOF,미갈로프,러시아
KLO,KALIBO,칼리보,필리핀
KMG,KUNMING,쿤밍,중화인민공화국
KMI,MIYAZAKI,미와사키,일본
KMJ,KUMAMOTO,구마모도,일본
KMQ,KOMATSU,고마스,일본
KOA,KONA,코나,미국
KOJ,KAGOSHIMA,카고시마,일본
KOW,GANZHOU,광조우,중화인민공화국
KPE,CHINHAE,진해,대한민국
KPO,POHANG,포항,대한민국
KRT,KHARTOUM,카툼,수단
KSG,PYUNGTAEK,평택,대한민국
KSK,SUSAK,수색,대한민국
KSM,SINCHONRI,성남,대한민국
KSW,SUWON,수원,대한민국
KTM,KATHMANDU,카투만두,네팔
KTP,HAEMI,해미(서산),대한민국
KUA,KOOANTAN,쿠안탄,말레이시아
KUF,SAMARA,사마라,러시아
KUH,KUSHIRO,구시로,일본
KUL,KUALA LUMPUR,쿠알라룸푸르,말레이시아
KUN,KAUNAS,카우나스,러시아
KUV,KUNSAN,군산,대한민국
KWE,GUIYANG,구이양,중화인민공화국
KWG,LOZUVATIKA,로조바트카,우크라이나
KWI,KUWAIT,쿠웨이트,쿠웨이트
KWJ,GWANGJU,광주,대한민국
KWL,GUILIN,계림,중화인민공화국
KXK,KOMSOMSKNAMUR,콤솜스크나무르,러시아
KZA,KAZAKHSTAN,카자흐스탄,카자흐스탄
KZK,KOMPONG THORN,콤퐁,캄보디아
KZN,KAZAN,카잔,러시아
LAD,LUANDA,르완다,중앙아프리카 공화국
LAH,LABUHA,라부하,인도네시아
LAO,LAOAG,라오아그,필리핀
LAS,LAS VEGAS,라스베가스,미국
LAX,LOS ANGELES,로스앤젤레스,미국
LBG,LE BOURGET,파리 르부아르,프랑스
LBU,LABUAN,라부안,말레이시아
LBV,LIBREVILLE,리브르빌,가봉
LCA,LARNACA,라르나카,키프로스
LCK,LICENBEK,리켄백,미국
LED,LENINGRAD,레닌그라드,러시아
LEJ,LEIPJIG,라이프치히,독일
